id,first_name,last_name,email,phone,confirmed,user_id
1,Harli,Allflatt,hallflatt0@shareasale.com,474-280-6331,false,1
2,Norrie,,nparley1@quantcast.com,555-136-1374,true,1
3,Nickie,Haslam,nhaslam2@dropbox.com,972-987-4609,false,1
4,Brion,,btooting3@ucoz.com,525-527-2335,false,2
5,Madge,,msimmonett4@yelp.com,757-973-0867,true,2
6,Hebert,,hbroderick5@ifeng.com,430-635-4441,false,2
7,Kelwin,,kcuddihy6@geocities.jp,962-913-6013,false,3
8,Lief,Breawood,lbreawood7@youtube.com,263-113-2779,true,3
9,Lissa,,lmesnard8@army.mil,353-238-1813,true,3
10,Avrom,Rodway,arodway9@bbc.co.uk,361-836-8929,false,4
11,Tybie,,tshambrokea@tmall.com,758-712-1748,true,4
12,Whitney,Cherrison,wcherrisonb@aboutads.info,366-244-9674,true,4
13,Kristian,,knathanc@opera.com,261-351-1856,true,5
14,Jorge,Mosby,jmosbyd@theatlantic.com,675-448-7833,true,5
15,Patric,Whitelock,pwhitelocke@youku.com,942-782-3902,false,6
16,Scott,,spranglef@google.es,373-233-5138,false,6
17,Ciel,Coots,ccootsg@mapy.cz,225-753-5220,false,6
18,Orren,Durgan,odurganh@wsj.com,161-643-2323,true,7
19,Jaquelin,,jfirbanksi@example.com,846-238-0347,true,8
20,Thatch,Baldacchino,tbaldacchinoj@biblegateway.com,670-525-8907,false,8
21,Roderic,O'Currine,rocurrinek@amazon.de,264-162-0151,true,8
22,Meagan,,mrobathaml@joomla.org,520-589-3573,true,9
23,Torrence,Robiou,trobioum@sfgate.com,859-538-8256,true,9
24,Bond,Playden,bplaydenn@dailymotion.com,729-216-8742,true,10
25,Valenka,Twort,vtworto@tamu.edu,450-570-8950,false,10
26,Gusella,Perllman,gperllmanp@huffingtonpost.com,926-457-9792,false,11
27,Lanny,,leburneq@ucsd.edu,733-110-7218,true,11
28,Henrietta,,hbovingdonr@ebay.co.uk,944-258-4690,true,12
29,Friedrich,Standley,fstandleys@yahoo.com,828-271-6216,true,12
30,Mersey,,mgommowet@cafepress.com,322-786-8935,true,13
31,Vince,Lomasna,vlomasnau@dedecms.com,485-374-7685,false,13
32,Sorcha,,strenemanv@soundcloud.com,430-528-6035,true,14
33,Reg,Galbraith,rgalbraithw@hubpages.com,562-767-3158,true,15
34,Kimball,Fosdyke,kfosdykex@delicious.com,398-786-3717,true,16
35,Virgie,Phillcox,vphillcoxy@ebay.com,503-730-3504,true,16
36,Gradey,Olver,golverz@shop-pro.jp,512-946-1072,true,16
37,Lia,,lwardlaw10@ihg.com,825-253-0057,true,17
38,Gustav,,glangthorne11@hugedomains.com,337-285-5179,false,18
39,Neville,Sankey,nsankey12@slate.com,824-682-1285,true,19
40,Elisha,Mordan,emordan13@un.org,999-681-8411,false,20
